Model,R2,MAE,RMSE
Ecological_XGBoost_Baseline,0.1790100857513428,3.7404653394294485,4.184544527366436
