Metric,Value
Silhouette Score,0.21810292390467467
Calinski-Harabasz Score,6241.123083983861
Davies-Bouldin Score,1.4972323027578687
