Model,R2,MAE,RMSE
Global_XGBoost_Random,0.1790100857513428,3.7404653394294485,4.184544527366436
Fungi_XGBoost_Random,0.6229162960881698,0.8879941264524848,1.5832144380238826
BacteriaArchaea_XGBoost_Random,0.36805941557986965,1.295153576550965,2.897179508235394
Global_XGBoost_GroupKFold,-0.14047956719967467,4.077684146979492,4.859698730656024
Fungi_XGBoost_GroupKFold,-0.07306342962959447,1.742321970922325,2.5090950722768905
BacteriaArchaea_XGBoost_GroupKFold,-0.6267151738400113,2.585167059762938,3.9720445095989425
Global_XGBoost_TimeAware,-0.11432510136303664,2.68780176064325,3.022069162155842
Fungi_XGBoost_TimeAware,-0.8838740758510482,1.5126376379636133,1.8145166748133261
BacteriaArchaea_XGBoost_TimeAware,-0.9526305651848146,1.155104667250106,1.4992437435934094
