Model,Test_Year,R2,MAE,RMSE
Ecological_XGBoost_TimeAware,2018.0,-0.11432510136303664,2.68780176064325,3.022069162155842
